split,filename
train,JPEGImages/2007_000032.jpg
train,JPEGImages/2007_000039.jpg
train,JPEGImages/2007_000063.jpg
train,JPEGImages/2007_000241.jpg
train,JPEGImages/2007_000250.jpg
train,JPEGImages/2007_000256.jpg
train,JPEGImages/2007_000333.jpg
train,JPEGImages/2007_000363.jpg
train,JPEGImages/2007_000364.jpg
train,JPEGImages/2007_000480.jpg
train,JPEGImages/2007_000515.jpg
train,JPEGImages/2007_000584.jpg
train,JPEGImages/2007_000648.jpg
train,JPEGImages/2007_000720.jpg
train,JPEGImages/2007_000733.jpg
train,JPEGImages/2007_000738.jpg
train,JPEGImages/2007_000822.jpg
train,JPEGImages/2007_000876.jpg
train,JPEGImages/2007_000904.jpg
train,JPEGImages/2007_001073.jpg
train,JPEGImages/2007_001149.jpg
train,JPEGImages/2007_001185.jpg
train,JPEGImages/2007_001225.jpg
train,JPEGImages/2007_001340.jpg
train,JPEGImages/2007_001397.jpg
train,JPEGImages/2007_001416.jpg
train,JPEGImages/2007_001420.jpg
train,JPEGImages/2007_001487.jpg
train,JPEGImages/2007_001704.jpg
train,JPEGImages/2007_001709.jpg
train,JPEGImages/2007_001724.jpg
train,JPEGImages/2007_001825.jpg
train,JPEGImages/2007_001834.jpg
train,JPEGImages/2007_001857.jpg
train,JPEGImages/2007_001901.jpg
train,JPEGImages/2007_001917.jpg
train,JPEGImages/2007_002024.jpg
train,JPEGImages/2007_002055.jpg
train,JPEGImages/2007_002099.jpg
train,JPEGImages/2007_002105.jpg
train,JPEGImages/2007_002120.jpg
train,JPEGImages/2007_002142.jpg
train,JPEGImages/2007_002198.jpg
train,JPEGImages/2007_002212.jpg
train,JPEGImages/2007_002216.jpg
train,JPEGImages/2007_002227.jpg
train,JPEGImages/2007_002234.jpg
train,JPEGImages/2007_002273.jpg
train,JPEGImages/2007_002368.jpg
train,JPEGImages/2007_002462.jpg
train,JPEGImages/2007_002488.jpg
train,JPEGImages/2007_002545.jpg
train,JPEGImages/2007_002611.jpg
train,JPEGImages/2007_002639.jpg
train,JPEGImages/2007_002760.jpg
train,JPEGImages/2007_002845.jpg
train,JPEGImages/2007_002895.jpg
train,JPEGImages/2007_002914.jpg
train,JPEGImages/2007_002954.jpg
train,JPEGImages/2007_002967.jpg
train,JPEGImages/2007_003118.jpg
train,JPEGImages/2007_003178.jpg
train,JPEGImages/2007_003189.jpg
train,JPEGImages/2007_003191.jpg
train,JPEGImages/2007_003205.jpg
train,JPEGImages/2007_003207.jpg
train,JPEGImages/2007_003251.jpg
train,JPEGImages/2007_003267.jpg
train,JPEGImages/2007_003286.jpg
train,JPEGImages/2007_003330.jpg
train,JPEGImages/2007_003431.jpg
train,JPEGImages/2007_003451.jpg
train,JPEGImages/2007_003541.jpg
train,JPEGImages/2007_003580.jpg
train,JPEGImages/2007_003593.jpg
train,JPEGImages/2007_003604.jpg
train,JPEGImages/2007_003668.jpg
train,JPEGImages/2007_003715.jpg
train,JPEGImages/2007_003788.jpg
train,JPEGImages/2007_003815.jpg
train,JPEGImages/2007_003876.jpg
train,JPEGImages/2007_003889.jpg
train,JPEGImages/2007_003910.jpg
train,JPEGImages/2007_004003.jpg
train,JPEGImages/2007_004009.jpg
train,JPEGImages/2007_004065.jpg
train,JPEGImages/2007_004081.jpg
train,JPEGImages/2007_004166.jpg
train,JPEGImages/2007_004289.jpg
train,JPEGImages/2007_004328.jpg
train,JPEGImages/2007_004459.jpg
train,JPEGImages/2007_004476.jpg
train,JPEGImages/2007_004481.jpg
train,JPEGImages/2007_004537.jpg
train,JPEGImages/2007_004627.jpg
train,JPEGImages/2007_004663.jpg
train,JPEGImages/2007_004705.jpg
train,JPEGImages/2007_004769.jpg
train,JPEGImages/2007_004810.jpg
train,JPEGImages/2007_004830.jpg
train,JPEGImages/2007_004841.jpg
train,JPEGImages/2007_004951.jpg
train,JPEGImages/2007_004988.jpg
train,JPEGImages/2007_004998.jpg
train,JPEGImages/2007_005043.jpg
train,JPEGImages/2007_005064.jpg
train,JPEGImages/2007_005086.jpg
train,JPEGImages/2007_005124.jpg
train,JPEGImages/2007_005130.jpg
train,JPEGImages/2007_005210.jpg
train,JPEGImages/2007_005212.jpg
train,JPEGImages/2007_005227.jpg
train,JPEGImages/2007_005248.jpg
train,JPEGImages/2007_005262.jpg
train,JPEGImages/2007_005264.jpg
train,JPEGImages/2007_005266.jpg
train,JPEGImages/2007_005273.jpg
train,JPEGImages/2007_005360.jpg
train,JPEGImages/2007_005647.jpg
train,JPEGImages/2007_005688.jpg
train,JPEGImages/2007_005702.jpg
train,JPEGImages/2007_005790.jpg
train,JPEGImages/2007_005902.jpg
train,JPEGImages/2007_005951.jpg
train,JPEGImages/2007_005988.jpg
train,JPEGImages/2007_006066.jpg
train,JPEGImages/2007_006134.jpg
train,JPEGImages/2007_006303.jpg
train,JPEGImages/2007_006317.jpg
train,JPEGImages/2007_006409.jpg
train,JPEGImages/2007_006445.jpg
train,JPEGImages/2007_006477.jpg
train,JPEGImages/2007_006483.jpg
train,JPEGImages/2007_006490.jpg
train,JPEGImages/2007_006605.jpg
train,JPEGImages/2007_006615.jpg
train,JPEGImages/2007_006660.jpg
train,JPEGImages/2007_006699.jpg
train,JPEGImages/2007_006704.jpg
train,JPEGImages/2007_006832.jpg
train,JPEGImages/2007_006865.jpg
train,JPEGImages/2007_006944.jpg
train,JPEGImages/2007_007003.jpg
train,JPEGImages/2007_007048.jpg
train,JPEGImages/2007_007098.jpg
train,JPEGImages/2007_007154.jpg
train,JPEGImages/2007_007230.jpg
train,JPEGImages/2007_007250.jpg
train,JPEGImages/2007_007355.jpg
train,JPEGImages/2007_007398.jpg
train,JPEGImages/2007_007432.jpg
train,JPEGImages/2007_007481.jpg
train,JPEGImages/2007_007530.jpg
train,JPEGImages/2007_007591.jpg
train,JPEGImages/2007_007621.jpg
train,JPEGImages/2007_007698.jpg
train,JPEGImages/2007_007726.jpg
train,JPEGImages/2007_007773.jpg
train,JPEGImages/2007_007783.jpg
train,JPEGImages/2007_007890.jpg
train,JPEGImages/2007_007891.jpg
train,JPEGImages/2007_007902.jpg
train,JPEGImages/2007_007908.jpg
train,JPEGImages/2007_007930.jpg
train,JPEGImages/2007_007947.jpg
train,JPEGImages/2007_007948.jpg
train,JPEGImages/2007_008142.jpg
train,JPEGImages/2007_008203.jpg
train,JPEGImages/2007_008218.jpg
train,JPEGImages/2007_008307.jpg
train,JPEGImages/2007_008468.jpg
train,JPEGImages/2007_008575.jpg
train,JPEGImages/2007_008764.jpg
train,JPEGImages/2007_008778.jpg
train,JPEGImages/2007_008801.jpg
train,JPEGImages/2007_008821.jpg
train,JPEGImages/2007_008927.jpg
train,JPEGImages/2007_008932.jpg
train,JPEGImages/2007_008945.jpg
train,JPEGImages/2007_008948.jpg
train,JPEGImages/2007_008994.jpg
train,JPEGImages/2007_009052.jpg
train,JPEGImages/2007_009082.jpg
train,JPEGImages/2007_009139.jpg
train,JPEGImages/2007_009216.jpg
train,JPEGImages/2007_009295.jpg
train,JPEGImages/2007_009322.jpg
train,JPEGImages/2007_009327.jpg
train,JPEGImages/2007_009422.jpg
train,JPEGImages/2007_009436.jpg
train,JPEGImages/2007_009527.jpg
train,JPEGImages/2007_009533.jpg
train,JPEGImages/2007_009550.jpg
train,JPEGImages/2007_009554.jpg
train,JPEGImages/2007_009580.jpg
train,JPEGImages/2007_009594.jpg
train,JPEGImages/2007_009630.jpg
train,JPEGImages/2007_009649.jpg
train,JPEGImages/2007_009665.jpg
train,JPEGImages/2007_009709.jpg
train,JPEGImages/2007_009724.jpg
train,JPEGImages/2007_009759.jpg
train,JPEGImages/2007_009779.jpg
train,JPEGImages/2007_009788.jpg
train,JPEGImages/2007_009807.jpg
train,JPEGImages/2007_009832.jpg
train,JPEGImages/2007_009901.jpg
train,JPEGImages/2007_009947.jpg
train,JPEGImages/2008_000019.jpg
train,JPEGImages/2008_000089.jpg
train,JPEGImages/2008_000103.jpg
train,JPEGImages/2008_000131.jpg
train,JPEGImages/2008_000144.jpg
train,JPEGImages/2008_000162.jpg
train,JPEGImages/2008_000188.jpg
train,JPEGImages/2008_000217.jpg
train,JPEGImages/2008_000238.jpg
train,JPEGImages/2008_000259.jpg
train,JPEGImages/2008_000284.jpg
train,JPEGImages/2008_000287.jpg
train,JPEGImages/2008_000289.jpg
train,JPEGImages/2008_000309.jpg
train,JPEGImages/2008_000316.jpg
train,JPEGImages/2008_000336.jpg
train,JPEGImages/2008_000348.jpg
train,JPEGImages/2008_000361.jpg
train,JPEGImages/2008_000399.jpg
train,JPEGImages/2008_000400.jpg
train,JPEGImages/2008_000415.jpg
train,JPEGImages/2008_000422.jpg
train,JPEGImages/2008_000436.jpg
train,JPEGImages/2008_000470.jpg
train,JPEGImages/2008_000505.jpg
train,JPEGImages/2008_000515.jpg
train,JPEGImages/2008_000540.jpg
train,JPEGImages/2008_000544.jpg
train,JPEGImages/2008_000567.jpg
train,JPEGImages/2008_000578.jpg
train,JPEGImages/2008_000584.jpg
train,JPEGImages/2008_000588.jpg
train,JPEGImages/2008_000595.jpg
train,JPEGImages/2008_000626.jpg
train,JPEGImages/2008_000645.jpg
train,JPEGImages/2008_000676.jpg
train,JPEGImages/2008_000696.jpg
train,JPEGImages/2008_000711.jpg
train,JPEGImages/2008_000716.jpg
train,JPEGImages/2008_000760.jpg
train,JPEGImages/2008_000778.jpg
train,JPEGImages/2008_000785.jpg
train,JPEGImages/2008_000832.jpg
train,JPEGImages/2008_000841.jpg
train,JPEGImages/2008_000860.jpg
train,JPEGImages/2008_000861.jpg
train,JPEGImages/2008_000923.jpg
train,JPEGImages/2008_001056.jpg
train,JPEGImages/2008_001106.jpg
train,JPEGImages/2008_001118.jpg
train,JPEGImages/2008_001119.jpg
train,JPEGImages/2008_001137.jpg
train,JPEGImages/2008_001159.jpg
train,JPEGImages/2008_001188.jpg
train,JPEGImages/2008_001215.jpg
train,JPEGImages/2008_001235.jpg
train,JPEGImages/2008_001263.jpg
train,JPEGImages/2008_001274.jpg
train,JPEGImages/2008_001358.jpg
train,JPEGImages/2008_001387.jpg
train,JPEGImages/2008_001399.jpg
train,JPEGImages/2008_001402.jpg
train,JPEGImages/2008_001408.jpg
train,JPEGImages/2008_001413.jpg
train,JPEGImages/2008_001462.jpg
train,JPEGImages/2008_001510.jpg
train,JPEGImages/2008_001523.jpg
train,JPEGImages/2008_001566.jpg
train,JPEGImages/2008_001592.jpg
train,JPEGImages/2008_001601.jpg
train,JPEGImages/2008_001632.jpg
train,JPEGImages/2008_001643.jpg
train,JPEGImages/2008_001691.jpg
train,JPEGImages/2008_001716.jpg
train,JPEGImages/2008_001719.jpg
train,JPEGImages/2008_001761.jpg
train,JPEGImages/2008_001787.jpg
train,JPEGImages/2008_001829.jpg
train,JPEGImages/2008_001882.jpg
train,JPEGImages/2008_001896.jpg
train,JPEGImages/2008_001926.jpg
train,JPEGImages/2008_002032.jpg
train,JPEGImages/2008_002064.jpg
train,JPEGImages/2008_002066.jpg
train,JPEGImages/2008_002073.jpg
train,JPEGImages/2008_002080.jpg
train,JPEGImages/2008_002123.jpg
train,JPEGImages/2008_002175.jpg
train,JPEGImages/2008_002182.jpg
train,JPEGImages/2008_002200.jpg
train,JPEGImages/2008_002210.jpg
train,JPEGImages/2008_002215.jpg
train,JPEGImages/2008_002218.jpg
train,JPEGImages/2008_002221.jpg
train,JPEGImages/2008_002248.jpg
train,JPEGImages/2008_002255.jpg
train,JPEGImages/2008_002258.jpg
train,JPEGImages/2008_002338.jpg
train,JPEGImages/2008_002411.jpg
train,JPEGImages/2008_002425.jpg
train,JPEGImages/2008_002471.jpg
train,JPEGImages/2008_002473.jpg
train,JPEGImages/2008_002641.jpg
train,JPEGImages/2008_002697.jpg
train,JPEGImages/2008_002749.jpg
train,JPEGImages/2008_002762.jpg
train,JPEGImages/2008_002772.jpg
train,JPEGImages/2008_002834.jpg
train,JPEGImages/2008_002885.jpg
train,JPEGImages/2008_002960.jpg
train,JPEGImages/2008_002970.jpg
train,JPEGImages/2008_002972.jpg
train,JPEGImages/2008_002993.jpg
train,JPEGImages/2008_003083.jpg
train,JPEGImages/2008_003087.jpg
train,JPEGImages/2008_003094.jpg
train,JPEGImages/2008_003168.jpg
train,JPEGImages/2008_003180.jpg
train,JPEGImages/2008_003252.jpg
train,JPEGImages/2008_003329.jpg
train,JPEGImages/2008_003373.jpg
train,JPEGImages/2008_003381.jpg
train,JPEGImages/2008_003480.jpg
train,JPEGImages/2008_003500.jpg
train,JPEGImages/2008_003523.jpg
train,JPEGImages/2008_003585.jpg
train,JPEGImages/2008_003665.jpg
train,JPEGImages/2008_003703.jpg
train,JPEGImages/2008_003729.jpg
train,JPEGImages/2008_003774.jpg
train,JPEGImages/2008_003779.jpg
train,JPEGImages/2008_003814.jpg
train,JPEGImages/2008_003913.jpg
train,JPEGImages/2008_003939.jpg
train,JPEGImages/2008_003947.jpg
train,JPEGImages/2008_003998.jpg
train,JPEGImages/2008_004014.jpg
train,JPEGImages/2008_004026.jpg
train,JPEGImages/2008_004055.jpg
train,JPEGImages/2008_004080.jpg
train,JPEGImages/2008_004259.jpg
train,JPEGImages/2008_004321.jpg
train,JPEGImages/2008_004358.jpg
train,JPEGImages/2008_004365.jpg
train,JPEGImages/2008_004430.jpg
train,JPEGImages/2008_004441.jpg
train,JPEGImages/2008_004551.jpg
train,JPEGImages/2008_004583.jpg
train,JPEGImages/2008_004588.jpg
train,JPEGImages/2008_004663.jpg
train,JPEGImages/2008_004750.jpg
train,JPEGImages/2008_004776.jpg
train,JPEGImages/2008_004838.jpg
train,JPEGImages/2008_004841.jpg
train,JPEGImages/2008_004869.jpg
train,JPEGImages/2008_004892.jpg
train,JPEGImages/2008_004911.jpg
train,JPEGImages/2008_004983.jpg
train,JPEGImages/2008_005074.jpg
train,JPEGImages/2008_005196.jpg
train,JPEGImages/2008_005214.jpg
train,JPEGImages/2008_005231.jpg
train,JPEGImages/2008_005266.jpg
train,JPEGImages/2008_005294.jpg
train,JPEGImages/2008_005300.jpg
train,JPEGImages/2008_005321.jpg
train,JPEGImages/2008_005345.jpg
train,JPEGImages/2008_005367.jpg
train,JPEGImages/2008_005512.jpg
train,JPEGImages/2008_005541.jpg
train,JPEGImages/2008_005600.jpg
train,JPEGImages/2008_005650.jpg
train,JPEGImages/2008_005678.jpg
train,JPEGImages/2008_005698.jpg
train,JPEGImages/2008_005714.jpg
train,JPEGImages/2008_005716.jpg
train,JPEGImages/2008_005747.jpg
train,JPEGImages/2008_005770.jpg
train,JPEGImages/2008_005839.jpg
train,JPEGImages/2008_005874.jpg
train,JPEGImages/2008_005938.jpg
train,JPEGImages/2008_005945.jpg
train,JPEGImages/2008_005953.jpg
train,JPEGImages/2008_006032.jpg
train,JPEGImages/2008_006065.jpg
train,JPEGImages/2008_006182.jpg
train,JPEGImages/2008_006213.jpg
train,JPEGImages/2008_006289.jpg
train,JPEGImages/2008_006339.jpg
train,JPEGImages/2008_006345.jpg
train,JPEGImages/2008_006349.jpg
train,JPEGImages/2008_006353.jpg
train,JPEGImages/2008_006389.jpg
train,JPEGImages/2008_006481.jpg
train,JPEGImages/2008_006482.jpg
train,JPEGImages/2008_006490.jpg
train,JPEGImages/2008_006558.jpg
train,JPEGImages/2008_006748.jpg
train,JPEGImages/2008_006751.jpg
train,JPEGImages/2008_006843.jpg
train,JPEGImages/2008_006877.jpg
train,JPEGImages/2008_006908.jpg
train,JPEGImages/2008_006920.jpg
train,JPEGImages/2008_007011.jpg
train,JPEGImages/2008_007090.jpg
train,JPEGImages/2008_007242.jpg
train,JPEGImages/2008_007313.jpg
train,JPEGImages/2008_007355.jpg
train,JPEGImages/2008_007428.jpg
train,JPEGImages/2008_007691.jpg
train,JPEGImages/2008_007858.jpg
train,JPEGImages/2008_007998.jpg
train,JPEGImages/2008_008106.jpg
train,JPEGImages/2008_008193.jpg
train,JPEGImages/2008_008263.jpg
train,JPEGImages/2008_008323.jpg
train,JPEGImages/2008_008324.jpg
train,JPEGImages/2008_008462.jpg
train,JPEGImages/2008_008511.jpg
train,JPEGImages/2008_008521.jpg
train,JPEGImages/2008_008525.jpg
train,JPEGImages/2008_008541.jpg
train,JPEGImages/2008_008545.jpg
train,JPEGImages/2008_008550.jpg
train,JPEGImages/2008_008773.jpg
train,JPEGImages/2009_000006.jpg
train,JPEGImages/2009_000029.jpg
train,JPEGImages/2009_000073.jpg
train,JPEGImages/2009_000100.jpg
train,JPEGImages/2009_000103.jpg
train,JPEGImages/2009_000133.jpg
train,JPEGImages/2009_000161.jpg
train,JPEGImages/2009_000176.jpg
train,JPEGImages/2009_000177.jpg
train,JPEGImages/2009_000347.jpg
train,JPEGImages/2009_000385.jpg
train,JPEGImages/2009_000400.jpg
train,JPEGImages/2009_000408.jpg
train,JPEGImages/2009_000444.jpg
train,JPEGImages/2009_000532.jpg
train,JPEGImages/2009_000535.jpg
train,JPEGImages/2009_000544.jpg
train,JPEGImages/2009_000603.jpg
train,JPEGImages/2009_000626.jpg
train,JPEGImages/2009_000635.jpg
train,JPEGImages/2009_000655.jpg
train,JPEGImages/2009_000662.jpg
train,JPEGImages/2009_000684.jpg
train,JPEGImages/2009_000709.jpg
train,JPEGImages/2009_000744.jpg
train,JPEGImages/2009_000746.jpg
train,JPEGImages/2009_000774.jpg
train,JPEGImages/2009_000801.jpg
train,JPEGImages/2009_000894.jpg
train,JPEGImages/2009_000895.jpg
train,JPEGImages/2009_000938.jpg
train,JPEGImages/2009_000987.jpg
train,JPEGImages/2009_000996.jpg
train,JPEGImages/2009_001019.jpg
train,JPEGImages/2009_001036.jpg
train,JPEGImages/2009_001070.jpg
train,JPEGImages/2009_001096.jpg
train,JPEGImages/2009_001100.jpg
train,JPEGImages/2009_001104.jpg
train,JPEGImages/2009_001117.jpg
train,JPEGImages/2009_001124.jpg
train,JPEGImages/2009_001140.jpg
train,JPEGImages/2009_001145.jpg
train,JPEGImages/2009_001146.jpg
train,JPEGImages/2009_001163.jpg
train,JPEGImages/2009_001177.jpg
train,JPEGImages/2009_001197.jpg
train,JPEGImages/2009_001203.jpg
train,JPEGImages/2009_001205.jpg
train,JPEGImages/2009_001253.jpg
train,JPEGImages/2009_001264.jpg
train,JPEGImages/2009_001270.jpg
train,JPEGImages/2009_001283.jpg
train,JPEGImages/2009_001339.jpg
train,JPEGImages/2009_001385.jpg
train,JPEGImages/2009_001388.jpg
train,JPEGImages/2009_001390.jpg
train,JPEGImages/2009_001403.jpg
train,JPEGImages/2009_001443.jpg
train,JPEGImages/2009_001444.jpg
train,JPEGImages/2009_001481.jpg
train,JPEGImages/2009_001514.jpg
train,JPEGImages/2009_001544.jpg
train,JPEGImages/2009_001625.jpg
train,JPEGImages/2009_001636.jpg
train,JPEGImages/2009_001640.jpg
train,JPEGImages/2009_001651.jpg
train,JPEGImages/2009_001664.jpg
train,JPEGImages/2009_001693.jpg
train,JPEGImages/2009_001724.jpg
train,JPEGImages/2009_001735.jpg
train,JPEGImages/2009_001744.jpg
train,JPEGImages/2009_001755.jpg
train,JPEGImages/2009_001782.jpg
train,JPEGImages/2009_001783.jpg
train,JPEGImages/2009_001802.jpg
train,JPEGImages/2009_001828.jpg
train,JPEGImages/2009_001868.jpg
train,JPEGImages/2009_001888.jpg
train,JPEGImages/2009_001898.jpg
train,JPEGImages/2009_001922.jpg
train,JPEGImages/2009_001937.jpg
train,JPEGImages/2009_001961.jpg
train,JPEGImages/2009_001972.jpg
train,JPEGImages/2009_002010.jpg
train,JPEGImages/2009_002019.jpg
train,JPEGImages/2009_002052.jpg
train,JPEGImages/2009_002060.jpg
train,JPEGImages/2009_002072.jpg
train,JPEGImages/2009_002117.jpg
train,JPEGImages/2009_002153.jpg
train,JPEGImages/2009_002216.jpg
train,JPEGImages/2009_002245.jpg
train,JPEGImages/2009_002262.jpg
train,JPEGImages/2009_002264.jpg
train,JPEGImages/2009_002285.jpg
train,JPEGImages/2009_002314.jpg
train,JPEGImages/2009_002362.jpg
train,JPEGImages/2009_002416.jpg
train,JPEGImages/2009_002419.jpg
train,JPEGImages/2009_002422.jpg
train,JPEGImages/2009_002423.jpg
train,JPEGImages/2009_002460.jpg
train,JPEGImages/2009_002519.jpg
train,JPEGImages/2009_002530.jpg
train,JPEGImages/2009_002543.jpg
train,JPEGImages/2009_002567.jpg
train,JPEGImages/2009_002586.jpg
train,JPEGImages/2009_002613.jpg
train,JPEGImages/2009_002626.jpg
train,JPEGImages/2009_002662.jpg
train,JPEGImages/2009_002713.jpg
train,JPEGImages/2009_002734.jpg
train,JPEGImages/2009_002789.jpg
train,JPEGImages/2009_002844.jpg
train,JPEGImages/2009_002845.jpg
train,JPEGImages/2009_002862.jpg
train,JPEGImages/2009_002872.jpg
train,JPEGImages/2009_002885.jpg
train,JPEGImages/2009_002897.jpg
train,JPEGImages/2009_002912.jpg
train,JPEGImages/2009_002914.jpg
train,JPEGImages/2009_002917.jpg
train,JPEGImages/2009_002932.jpg
train,JPEGImages/2009_002972.jpg
train,JPEGImages/2009_002984.jpg
train,JPEGImages/2009_002988.jpg
train,JPEGImages/2009_002993.jpg
train,JPEGImages/2009_003006.jpg
train,JPEGImages/2009_003007.jpg
train,JPEGImages/2009_003012.jpg
train,JPEGImages/2009_003035.jpg
train,JPEGImages/2009_003039.jpg
train,JPEGImages/2009_003075.jpg
train,JPEGImages/2009_003087.jpg
train,JPEGImages/2009_003090.jpg
train,JPEGImages/2009_003142.jpg
train,JPEGImages/2009_003147.jpg
train,JPEGImages/2009_003164.jpg
train,JPEGImages/2009_003172.jpg
train,JPEGImages/2009_003200.jpg
train,JPEGImages/2009_003317.jpg
train,JPEGImages/2009_003345.jpg
train,JPEGImages/2009_003353.jpg
train,JPEGImages/2009_003361.jpg
train,JPEGImages/2009_003455.jpg
train,JPEGImages/2009_003461.jpg
train,JPEGImages/2009_003468.jpg
train,JPEGImages/2009_003497.jpg
train,JPEGImages/2009_003519.jpg
train,JPEGImages/2009_003522.jpg
train,JPEGImages/2009_003539.jpg
train,JPEGImages/2009_003555.jpg
train,JPEGImages/2009_003613.jpg
train,JPEGImages/2009_003636.jpg
train,JPEGImages/2009_003646.jpg
train,JPEGImages/2009_003660.jpg
train,JPEGImages/2009_003690.jpg
train,JPEGImages/2009_003734.jpg
train,JPEGImages/2009_003736.jpg
train,JPEGImages/2009_003757.jpg
train,JPEGImages/2009_003783.jpg
train,JPEGImages/2009_003799.jpg
train,JPEGImages/2009_003815.jpg
train,JPEGImages/2009_003825.jpg
train,JPEGImages/2009_003860.jpg
train,JPEGImages/2009_003865.jpg
train,JPEGImages/2009_003921.jpg
train,JPEGImages/2009_003922.jpg
train,JPEGImages/2009_003933.jpg
train,JPEGImages/2009_003961.jpg
train,JPEGImages/2009_003975.jpg
train,JPEGImages/2009_004091.jpg
train,JPEGImages/2009_004095.jpg
train,JPEGImages/2009_004105.jpg
train,JPEGImages/2009_004117.jpg
train,JPEGImages/2009_004171.jpg
train,JPEGImages/2009_004178.jpg
train,JPEGImages/2009_004186.jpg
train,JPEGImages/2009_004191.jpg
train,JPEGImages/2009_004213.jpg
train,JPEGImages/2009_004228.jpg
train,JPEGImages/2009_004249.jpg
train,JPEGImages/2009_004316.jpg
train,JPEGImages/2009_004317.jpg
train,JPEGImages/2009_004327.jpg
train,JPEGImages/2009_004328.jpg
train,JPEGImages/2009_004334.jpg
train,JPEGImages/2009_004368.jpg
train,JPEGImages/2009_004374.jpg
train,JPEGImages/2009_004417.jpg
train,JPEGImages/2009_004425.jpg
train,JPEGImages/2009_004426.jpg
train,JPEGImages/2009_004434.jpg
train,JPEGImages/2009_004464.jpg
train,JPEGImages/2009_004479.jpg
train,JPEGImages/2009_004519.jpg
train,JPEGImages/2009_004561.jpg
train,JPEGImages/2009_004620.jpg
train,JPEGImages/2009_004626.jpg
train,JPEGImages/2009_004643.jpg
train,JPEGImages/2009_004661.jpg
train,JPEGImages/2009_004705.jpg
train,JPEGImages/2009_004790.jpg
train,JPEGImages/2009_004805.jpg
train,JPEGImages/2009_004829.jpg
train,JPEGImages/2009_004887.jpg
train,JPEGImages/2009_004888.jpg
train,JPEGImages/2009_004901.jpg
train,JPEGImages/2009_004904.jpg
train,JPEGImages/2009_004939.jpg
train,JPEGImages/2009_004980.jpg
train,JPEGImages/2009_004990.jpg
train,JPEGImages/2009_005000.jpg
train,JPEGImages/2009_005037.jpg
train,JPEGImages/2009_005055.jpg
train,JPEGImages/2009_005056.jpg
train,JPEGImages/2009_005069.jpg
train,JPEGImages/2009_005084.jpg
train,JPEGImages/2009_005085.jpg
train,JPEGImages/2009_005107.jpg
train,JPEGImages/2009_005130.jpg
train,JPEGImages/2009_005141.jpg
train,JPEGImages/2009_005145.jpg
train,JPEGImages/2009_005194.jpg
train,JPEGImages/2009_005234.jpg
train,JPEGImages/2009_005236.jpg
train,JPEGImages/2009_005247.jpg
train,JPEGImages/2009_005269.jpg
train,JPEGImages/2009_005287.jpg
train,JPEGImages/2010_000002.jpg
train,JPEGImages/2010_000063.jpg
train,JPEGImages/2010_000075.jpg
train,JPEGImages/2010_000076.jpg
train,JPEGImages/2010_000114.jpg
train,JPEGImages/2010_000117.jpg
train,JPEGImages/2010_000131.jpg
train,JPEGImages/2010_000132.jpg
train,JPEGImages/2010_000187.jpg
train,JPEGImages/2010_000189.jpg
train,JPEGImages/2010_000195.jpg
train,JPEGImages/2010_000269.jpg
train,JPEGImages/2010_000371.jpg
train,JPEGImages/2010_000436.jpg
train,JPEGImages/2010_000469.jpg
train,JPEGImages/2010_000492.jpg
train,JPEGImages/2010_000519.jpg
train,JPEGImages/2010_000567.jpg
train,JPEGImages/2010_000632.jpg
train,JPEGImages/2010_000661.jpg
train,JPEGImages/2010_000675.jpg
train,JPEGImages/2010_000685.jpg
train,JPEGImages/2010_000746.jpg
train,JPEGImages/2010_000748.jpg
train,JPEGImages/2010_000772.jpg
train,JPEGImages/2010_000815.jpg
train,JPEGImages/2010_000885.jpg
train,JPEGImages/2010_000887.jpg
train,JPEGImages/2010_000978.jpg
train,JPEGImages/2010_000986.jpg
train,JPEGImages/2010_001043.jpg
train,JPEGImages/2010_001120.jpg
train,JPEGImages/2010_001131.jpg
train,JPEGImages/2010_001154.jpg
train,JPEGImages/2010_001160.jpg
train,JPEGImages/2010_001184.jpg
train,JPEGImages/2010_001195.jpg
train,JPEGImages/2010_001245.jpg
train,JPEGImages/2010_001247.jpg
train,JPEGImages/2010_001273.jpg
train,JPEGImages/2010_001279.jpg
train,JPEGImages/2010_001282.jpg
train,JPEGImages/2010_001329.jpg
train,JPEGImages/2010_001347.jpg
train,JPEGImages/2010_001386.jpg
train,JPEGImages/2010_001422.jpg
train,JPEGImages/2010_001515.jpg
train,JPEGImages/2010_001562.jpg
train,JPEGImages/2010_001576.jpg
train,JPEGImages/2010_001595.jpg
train,JPEGImages/2010_001618.jpg
train,JPEGImages/2010_001660.jpg
train,JPEGImages/2010_001706.jpg
train,JPEGImages/2010_001732.jpg
train,JPEGImages/2010_001748.jpg
train,JPEGImages/2010_001807.jpg
train,JPEGImages/2010_001842.jpg
train,JPEGImages/2010_001850.jpg
train,JPEGImages/2010_001852.jpg
train,JPEGImages/2010_001922.jpg
train,JPEGImages/2010_001939.jpg
train,JPEGImages/2010_001944.jpg
train,JPEGImages/2010_002018.jpg
train,JPEGImages/2010_002020.jpg
train,JPEGImages/2010_002047.jpg
train,JPEGImages/2010_002054.jpg
train,JPEGImages/2010_002055.jpg
train,JPEGImages/2010_002107.jpg
train,JPEGImages/2010_002139.jpg
train,JPEGImages/2010_002154.jpg
train,JPEGImages/2010_002166.jpg
train,JPEGImages/2010_002203.jpg
train,JPEGImages/2010_002254.jpg
train,JPEGImages/2010_002286.jpg
train,JPEGImages/2010_002338.jpg
train,JPEGImages/2010_002379.jpg
train,JPEGImages/2010_002382.jpg
train,JPEGImages/2010_002387.jpg
train,JPEGImages/2010_002418.jpg
train,JPEGImages/2010_002440.jpg
train,JPEGImages/2010_002455.jpg
train,JPEGImages/2010_002457.jpg
train,JPEGImages/2010_002499.jpg
train,JPEGImages/2010_002527.jpg
train,JPEGImages/2010_002551.jpg
train,JPEGImages/2010_002556.jpg
train,JPEGImages/2010_002570.jpg
train,JPEGImages/2010_002625.jpg
train,JPEGImages/2010_002659.jpg
train,JPEGImages/2010_002697.jpg
train,JPEGImages/2010_002720.jpg
train,JPEGImages/2010_002733.jpg
train,JPEGImages/2010_002778.jpg
train,JPEGImages/2010_002811.jpg
train,JPEGImages/2010_002815.jpg
train,JPEGImages/2010_002838.jpg
train,JPEGImages/2010_002856.jpg
train,JPEGImages/2010_002870.jpg
train,JPEGImages/2010_002935.jpg
train,JPEGImages/2010_002937.jpg
train,JPEGImages/2010_002938.jpg
train,JPEGImages/2010_002962.jpg
train,JPEGImages/2010_002973.jpg
train,JPEGImages/2010_003010.jpg
train,JPEGImages/2010_003017.jpg
train,JPEGImages/2010_003088.jpg
train,JPEGImages/2010_003097.jpg
train,JPEGImages/2010_003114.jpg
train,JPEGImages/2010_003153.jpg
train,JPEGImages/2010_003157.jpg
train,JPEGImages/2010_003174.jpg
train,JPEGImages/2010_003203.jpg
train,JPEGImages/2010_003250.jpg
train,JPEGImages/2010_003252.jpg
train,JPEGImages/2010_003269.jpg
train,JPEGImages/2010_003274.jpg
train,JPEGImages/2010_003342.jpg
train,JPEGImages/2010_003345.jpg
train,JPEGImages/2010_003380.jpg
train,JPEGImages/2010_003384.jpg
train,JPEGImages/2010_003534.jpg
train,JPEGImages/2010_003599.jpg
train,JPEGImages/2010_003634.jpg
train,JPEGImages/2010_003651.jpg
train,JPEGImages/2010_003665.jpg
train,JPEGImages/2010_003680.jpg
train,JPEGImages/2010_003696.jpg
train,JPEGImages/2010_003717.jpg
train,JPEGImages/2010_003737.jpg
train,JPEGImages/2010_003798.jpg
train,JPEGImages/2010_003799.jpg
train,JPEGImages/2010_003884.jpg
train,JPEGImages/2010_003894.jpg
train,JPEGImages/2010_003899.jpg
train,JPEGImages/2010_003911.jpg
train,JPEGImages/2010_003925.jpg
train,JPEGImages/2010_003950.jpg
train,JPEGImages/2010_003954.jpg
train,JPEGImages/2010_003958.jpg
train,JPEGImages/2010_003974.jpg
train,JPEGImages/2010_004005.jpg
train,JPEGImages/2010_004025.jpg
train,JPEGImages/2010_004060.jpg
train,JPEGImages/2010_004069.jpg
train,JPEGImages/2010_004072.jpg
train,JPEGImages/2010_004119.jpg
train,JPEGImages/2010_004144.jpg
train,JPEGImages/2010_004154.jpg
train,JPEGImages/2010_004171.jpg
train,JPEGImages/2010_004210.jpg
train,JPEGImages/2010_004222.jpg
train,JPEGImages/2010_004283.jpg
train,JPEGImages/2010_004288.jpg
train,JPEGImages/2010_004289.jpg
train,JPEGImages/2010_004361.jpg
train,JPEGImages/2010_004365.jpg
train,JPEGImages/2010_004429.jpg
train,JPEGImages/2010_004450.jpg
train,JPEGImages/2010_004478.jpg
train,JPEGImages/2010_004493.jpg
train,JPEGImages/2010_004499.jpg
train,JPEGImages/2010_004540.jpg
train,JPEGImages/2010_004560.jpg
train,JPEGImages/2010_004620.jpg
train,JPEGImages/2010_004669.jpg
train,JPEGImages/2010_004694.jpg
train,JPEGImages/2010_004704.jpg
train,JPEGImages/2010_004721.jpg
train,JPEGImages/2010_004773.jpg
train,JPEGImages/2010_004808.jpg
train,JPEGImages/2010_004916.jpg
train,JPEGImages/2010_004933.jpg
train,JPEGImages/2010_004938.jpg
train,JPEGImages/2010_004948.jpg
train,JPEGImages/2010_004960.jpg
train,JPEGImages/2010_004963.jpg
train,JPEGImages/2010_005016.jpg
train,JPEGImages/2010_005106.jpg
train,JPEGImages/2010_005111.jpg
train,JPEGImages/2010_005119.jpg
train,JPEGImages/2010_005129.jpg
train,JPEGImages/2010_005217.jpg
train,JPEGImages/2010_005223.jpg
train,JPEGImages/2010_005277.jpg
train,JPEGImages/2010_005317.jpg
train,JPEGImages/2010_005318.jpg
train,JPEGImages/2010_005419.jpg
train,JPEGImages/2010_005429.jpg
train,JPEGImages/2010_005450.jpg
train,JPEGImages/2010_005457.jpg
train,JPEGImages/2010_005471.jpg
train,JPEGImages/2010_005494.jpg
train,JPEGImages/2010_005500.jpg
train,JPEGImages/2010_005505.jpg
train,JPEGImages/2010_005506.jpg
train,JPEGImages/2010_005513.jpg
train,JPEGImages/2010_005519.jpg
train,JPEGImages/2010_005522.jpg
train,JPEGImages/2010_005596.jpg
train,JPEGImages/2010_005627.jpg
train,JPEGImages/2010_005643.jpg
train,JPEGImages/2010_005663.jpg
train,JPEGImages/2010_005669.jpg
train,JPEGImages/2010_005678.jpg
train,JPEGImages/2010_005700.jpg
train,JPEGImages/2010_005721.jpg
train,JPEGImages/2010_005723.jpg
train,JPEGImages/2010_005734.jpg
train,JPEGImages/2010_005746.jpg
train,JPEGImages/2010_005758.jpg
train,JPEGImages/2010_005775.jpg
train,JPEGImages/2010_005791.jpg
train,JPEGImages/2010_005796.jpg
train,JPEGImages/2010_005805.jpg
train,JPEGImages/2010_005810.jpg
train,JPEGImages/2010_005820.jpg
train,JPEGImages/2010_005830.jpg
train,JPEGImages/2010_005876.jpg
train,JPEGImages/2010_005891.jpg
train,JPEGImages/2010_005898.jpg
train,JPEGImages/2010_005919.jpg
train,JPEGImages/2010_005932.jpg
train,JPEGImages/2010_005951.jpg
train,JPEGImages/2010_005952.jpg
train,JPEGImages/2010_005982.jpg
train,JPEGImages/2011_000025.jpg
train,JPEGImages/2011_000027.jpg
train,JPEGImages/2011_000068.jpg
train,JPEGImages/2011_000069.jpg
train,JPEGImages/2011_000105.jpg
train,JPEGImages/2011_000116.jpg
train,JPEGImages/2011_000122.jpg
train,JPEGImages/2011_000145.jpg
train,JPEGImages/2011_000149.jpg
train,JPEGImages/2011_000197.jpg
train,JPEGImages/2011_000216.jpg
train,JPEGImages/2011_000219.jpg
train,JPEGImages/2011_000222.jpg
train,JPEGImages/2011_000243.jpg
train,JPEGImages/2011_000252.jpg
train,JPEGImages/2011_000268.jpg
train,JPEGImages/2011_000278.jpg
train,JPEGImages/2011_000293.jpg
train,JPEGImages/2011_000345.jpg
train,JPEGImages/2011_000359.jpg
train,JPEGImages/2011_000379.jpg
train,JPEGImages/2011_000382.jpg
train,JPEGImages/2011_000400.jpg
train,JPEGImages/2011_000428.jpg
train,JPEGImages/2011_000449.jpg
train,JPEGImages/2011_000453.jpg
train,JPEGImages/2011_000457.jpg
train,JPEGImages/2011_000468.jpg
train,JPEGImages/2011_000542.jpg
train,JPEGImages/2011_000550.jpg
train,JPEGImages/2011_000551.jpg
train,JPEGImages/2011_000556.jpg
train,JPEGImages/2011_000573.jpg
train,JPEGImages/2011_000577.jpg
train,JPEGImages/2011_000589.jpg
train,JPEGImages/2011_000594.jpg
train,JPEGImages/2011_000641.jpg
train,JPEGImages/2011_000642.jpg
train,JPEGImages/2011_000646.jpg
train,JPEGImages/2011_000713.jpg
train,JPEGImages/2011_000758.jpg
train,JPEGImages/2011_000771.jpg
train,JPEGImages/2011_000790.jpg
train,JPEGImages/2011_000793.jpg
train,JPEGImages/2011_000882.jpg
train,JPEGImages/2011_000893.jpg
train,JPEGImages/2011_000895.jpg
train,JPEGImages/2011_000920.jpg
train,JPEGImages/2011_000934.jpg
train,JPEGImages/2011_000944.jpg
train,JPEGImages/2011_000982.jpg
train,JPEGImages/2011_001015.jpg
train,JPEGImages/2011_001027.jpg
train,JPEGImages/2011_001133.jpg
train,JPEGImages/2011_001135.jpg
train,JPEGImages/2011_001175.jpg
train,JPEGImages/2011_001198.jpg
train,JPEGImages/2011_001211.jpg
train,JPEGImages/2011_001259.jpg
train,JPEGImages/2011_001270.jpg
train,JPEGImages/2011_001336.jpg
train,JPEGImages/2011_001400.jpg
train,JPEGImages/2011_001411.jpg
train,JPEGImages/2011_001432.jpg
train,JPEGImages/2011_001463.jpg
train,JPEGImages/2011_001479.jpg
train,JPEGImages/2011_001519.jpg
train,JPEGImages/2011_001621.jpg
train,JPEGImages/2011_001622.jpg
train,JPEGImages/2011_001632.jpg
train,JPEGImages/2011_001652.jpg
train,JPEGImages/2011_001653.jpg
train,JPEGImages/2011_001695.jpg
train,JPEGImages/2011_001730.jpg
train,JPEGImages/2011_001764.jpg
train,JPEGImages/2011_001765.jpg
train,JPEGImages/2011_001790.jpg
train,JPEGImages/2011_001810.jpg
train,JPEGImages/2011_001875.jpg
train,JPEGImages/2011_001902.jpg
train,JPEGImages/2011_001924.jpg
train,JPEGImages/2011_001967.jpg
train,JPEGImages/2011_001974.jpg
train,JPEGImages/2011_002027.jpg
train,JPEGImages/2011_002107.jpg
train,JPEGImages/2011_002111.jpg
train,JPEGImages/2011_002114.jpg
train,JPEGImages/2011_002119.jpg
train,JPEGImages/2011_002134.jpg
train,JPEGImages/2011_002135.jpg
train,JPEGImages/2011_002224.jpg
train,JPEGImages/2011_002227.jpg
train,JPEGImages/2011_002246.jpg
train,JPEGImages/2011_002291.jpg
train,JPEGImages/2011_002303.jpg
train,JPEGImages/2011_002341.jpg
train,JPEGImages/2011_002381.jpg
train,JPEGImages/2011_002385.jpg
train,JPEGImages/2011_002389.jpg
train,JPEGImages/2011_002398.jpg
train,JPEGImages/2011_002410.jpg
train,JPEGImages/2011_002447.jpg
train,JPEGImages/2011_002457.jpg
train,JPEGImages/2011_002464.jpg
train,JPEGImages/2011_002488.jpg
train,JPEGImages/2011_002511.jpg
train,JPEGImages/2011_002528.jpg
train,JPEGImages/2011_002553.jpg
train,JPEGImages/2011_002559.jpg
train,JPEGImages/2011_002561.jpg
train,JPEGImages/2011_002585.jpg
train,JPEGImages/2011_002590.jpg
train,JPEGImages/2011_002652.jpg
train,JPEGImages/2011_002656.jpg
train,JPEGImages/2011_002709.jpg
train,JPEGImages/2011_002715.jpg
train,JPEGImages/2011_002717.jpg
train,JPEGImages/2011_002752.jpg
train,JPEGImages/2011_002770.jpg
train,JPEGImages/2011_002834.jpg
train,JPEGImages/2011_002851.jpg
train,JPEGImages/2011_002872.jpg
train,JPEGImages/2011_002873.jpg
train,JPEGImages/2011_002932.jpg
train,JPEGImages/2011_002935.jpg
train,JPEGImages/2011_002947.jpg
train,JPEGImages/2011_002953.jpg
train,JPEGImages/2011_002956.jpg
train,JPEGImages/2011_003025.jpg
train,JPEGImages/2011_003038.jpg
train,JPEGImages/2011_003057.jpg
train,JPEGImages/2011_003078.jpg
train,JPEGImages/2011_003141.jpg
train,JPEGImages/2011_003216.jpg
train,JPEGImages/2011_003238.jpg
train,JPEGImages/2011_003246.jpg
train,JPEGImages/2011_003255.jpg
val,JPEGImages/2007_000068.jpg
val,JPEGImages/2007_000121.jpg
val,JPEGImages/2007_000170.jpg
val,JPEGImages/2007_000243.jpg
val,JPEGImages/2007_000392.jpg
val,JPEGImages/2007_000504.jpg
val,JPEGImages/2007_000528.jpg
val,JPEGImages/2007_000549.jpg
val,JPEGImages/2007_000645.jpg
val,JPEGImages/2007_000713.jpg
val,JPEGImages/2007_000768.jpg
val,JPEGImages/2007_000793.jpg
val,JPEGImages/2007_000836.jpg
val,JPEGImages/2007_001027.jpg
val,JPEGImages/2007_001439.jpg
val,JPEGImages/2007_001595.jpg
val,JPEGImages/2007_001602.jpg
val,JPEGImages/2007_001609.jpg
val,JPEGImages/2007_001698.jpg
val,JPEGImages/2007_001764.jpg
val,JPEGImages/2007_001872.jpg
val,JPEGImages/2007_001960.jpg
val,JPEGImages/2007_002088.jpg
val,JPEGImages/2007_002107.jpg
val,JPEGImages/2007_002281.jpg
val,JPEGImages/2007_002293.jpg
val,JPEGImages/2007_002361.jpg
val,JPEGImages/2007_002370.jpg
val,JPEGImages/2007_002403.jpg
val,JPEGImages/2007_002668.jpg
val,JPEGImages/2007_002669.jpg
val,JPEGImages/2007_002789.jpg
val,JPEGImages/2007_002896.jpg
val,JPEGImages/2007_002953.jpg
val,JPEGImages/2007_003000.jpg
val,JPEGImages/2007_003190.jpg
val,JPEGImages/2007_003525.jpg
val,JPEGImages/2007_003529.jpg
val,JPEGImages/2007_003565.jpg
val,JPEGImages/2007_003778.jpg
val,JPEGImages/2007_004291.jpg
val,JPEGImages/2007_004423.jpg
val,JPEGImages/2007_004500.jpg
val,JPEGImages/2007_004707.jpg
val,JPEGImages/2007_004768.jpg
val,JPEGImages/2007_004948.jpg
val,JPEGImages/2007_005144.jpg
val,JPEGImages/2007_005314.jpg
val,JPEGImages/2007_005368.jpg
val,JPEGImages/2007_005430.jpg
val,JPEGImages/2007_005797.jpg
val,JPEGImages/2007_005859.jpg
val,JPEGImages/2007_005878.jpg
val,JPEGImages/2007_005989.jpg
val,JPEGImages/2007_006004.jpg
val,JPEGImages/2007_006136.jpg
val,JPEGImages/2007_006151.jpg
val,JPEGImages/2007_006212.jpg
val,JPEGImages/2007_006232.jpg
val,JPEGImages/2007_006254.jpg
val,JPEGImages/2007_006281.jpg
val,JPEGImages/2007_006400.jpg
val,JPEGImages/2007_006530.jpg
val,JPEGImages/2007_006581.jpg
val,JPEGImages/2007_006585.jpg
val,JPEGImages/2007_006641.jpg
val,JPEGImages/2007_006661.jpg
val,JPEGImages/2007_006673.jpg
val,JPEGImages/2007_006803.jpg
val,JPEGImages/2007_006899.jpg
val,JPEGImages/2007_006900.jpg
val,JPEGImages/2007_007021.jpg
val,JPEGImages/2007_007387.jpg
val,JPEGImages/2007_007415.jpg
val,JPEGImages/2007_007447.jpg
val,JPEGImages/2007_007480.jpg
val,JPEGImages/2007_007523.jpg
val,JPEGImages/2007_007585.jpg
val,JPEGImages/2007_007649.jpg
val,JPEGImages/2007_007772.jpg
val,JPEGImages/2007_007878.jpg
val,JPEGImages/2007_008043.jpg
val,JPEGImages/2007_008072.jpg
val,JPEGImages/2007_008085.jpg
val,JPEGImages/2007_008140.jpg
val,JPEGImages/2007_008219.jpg
val,JPEGImages/2007_008403.jpg
val,JPEGImages/2007_008407.jpg
val,JPEGImages/2007_008526.jpg
val,JPEGImages/2007_008571.jpg
val,JPEGImages/2007_008714.jpg
val,JPEGImages/2007_009030.jpg
val,JPEGImages/2007_009209.jpg
val,JPEGImages/2007_009348.jpg
val,JPEGImages/2007_009435.jpg
val,JPEGImages/2007_009464.jpg
val,JPEGImages/2007_009597.jpg
val,JPEGImages/2007_009605.jpg
val,JPEGImages/2007_009607.jpg
val,JPEGImages/2007_009618.jpg
val,JPEGImages/2007_009889.jpg
val,JPEGImages/2007_009899.jpg
val,JPEGImages/2007_009950.jpg
val,JPEGImages/2008_000015.jpg
val,JPEGImages/2008_000028.jpg
val,JPEGImages/2008_000033.jpg
val,JPEGImages/2008_000074.jpg
val,JPEGImages/2008_000105.jpg
val,JPEGImages/2008_000187.jpg
val,JPEGImages/2008_000197.jpg
val,JPEGImages/2008_000207.jpg
val,JPEGImages/2008_000226.jpg
val,JPEGImages/2008_000235.jpg
val,JPEGImages/2008_000273.jpg
val,JPEGImages/2008_000290.jpg
val,JPEGImages/2008_000365.jpg
val,JPEGImages/2008_000491.jpg
val,JPEGImages/2008_000495.jpg
val,JPEGImages/2008_000733.jpg
val,JPEGImages/2008_000764.jpg
val,JPEGImages/2008_000870.jpg
val,JPEGImages/2008_001030.jpg
val,JPEGImages/2008_001112.jpg
val,JPEGImages/2008_001169.jpg
val,JPEGImages/2008_001203.jpg
val,JPEGImages/2008_001208.jpg
val,JPEGImages/2008_001245.jpg
val,JPEGImages/2008_001375.jpg
val,JPEGImages/2008_001467.jpg
val,JPEGImages/2008_001479.jpg
val,JPEGImages/2008_001498.jpg
val,JPEGImages/2008_001610.jpg
val,JPEGImages/2008_001741.jpg
val,JPEGImages/2008_001876.jpg
val,JPEGImages/2008_001997.jpg
val,JPEGImages/2008_002067.jpg
val,JPEGImages/2008_002079.jpg
val,JPEGImages/2008_002160.jpg
val,JPEGImages/2008_002177.jpg
val,JPEGImages/2008_002247.jpg
val,JPEGImages/2008_002288.jpg
val,JPEGImages/2008_002551.jpg
val,JPEGImages/2008_002650.jpg
val,JPEGImages/2008_002704.jpg
val,JPEGImages/2008_002710.jpg
val,JPEGImages/2008_002719.jpg
val,JPEGImages/2008_002868.jpg
val,JPEGImages/2008_002894.jpg
val,JPEGImages/2008_003060.jpg
val,JPEGImages/2008_003065.jpg
val,JPEGImages/2008_003068.jpg
val,JPEGImages/2008_003101.jpg
val,JPEGImages/2008_003196.jpg
val,JPEGImages/2008_003200.jpg
val,JPEGImages/2008_003208.jpg
val,JPEGImages/2008_003362.jpg
val,JPEGImages/2008_003415.jpg
val,JPEGImages/2008_003429.jpg
val,JPEGImages/2008_003562.jpg
val,JPEGImages/2008_003691.jpg
val,JPEGImages/2008_003701.jpg
val,JPEGImages/2008_003769.jpg
val,JPEGImages/2008_003986.jpg
val,JPEGImages/2008_004097.jpg
val,JPEGImages/2008_004112.jpg
val,JPEGImages/2008_004416.jpg
val,JPEGImages/2008_004547.jpg
val,JPEGImages/2008_004607.jpg
val,JPEGImages/2008_004822.jpg
val,JPEGImages/2008_004914.jpg
val,JPEGImages/2008_004946.jpg
val,JPEGImages/2008_005006.jpg
val,JPEGImages/2008_005342.jpg
val,JPEGImages/2008_005375.jpg
val,JPEGImages/2008_005668.jpg
val,JPEGImages/2008_005679.jpg
val,JPEGImages/2008_005706.jpg
val,JPEGImages/2008_005713.jpg
val,JPEGImages/2008_005843.jpg
val,JPEGImages/2008_005845.jpg
val,JPEGImages/2008_005926.jpg
val,JPEGImages/2008_006070.jpg
val,JPEGImages/2008_006140.jpg
val,JPEGImages/2008_006215.jpg
val,JPEGImages/2008_006221.jpg
val,JPEGImages/2008_006434.jpg
val,JPEGImages/2008_006509.jpg
val,JPEGImages/2008_006655.jpg
val,JPEGImages/2008_006873.jpg
val,JPEGImages/2008_007012.jpg
val,JPEGImages/2008_007142.jpg
val,JPEGImages/2008_007165.jpg
val,JPEGImages/2008_007201.jpg
val,JPEGImages/2008_007239.jpg
val,JPEGImages/2008_007245.jpg
val,JPEGImages/2008_007357.jpg
val,JPEGImages/2008_007375.jpg
val,JPEGImages/2008_007433.jpg
val,JPEGImages/2008_007472.jpg
val,JPEGImages/2008_007581.jpg
val,JPEGImages/2008_007759.jpg
val,JPEGImages/2008_008343.jpg
val,JPEGImages/2008_008476.jpg
val,JPEGImages/2008_008770.jpg
val,JPEGImages/2009_000015.jpg
val,JPEGImages/2009_000028.jpg
val,JPEGImages/2009_000250.jpg
val,JPEGImages/2009_000285.jpg
val,JPEGImages/2009_000405.jpg
val,JPEGImages/2009_000409.jpg
val,JPEGImages/2009_000420.jpg
val,JPEGImages/2009_000454.jpg
val,JPEGImages/2009_000503.jpg
val,JPEGImages/2009_000505.jpg
val,JPEGImages/2009_000553.jpg
val,JPEGImages/2009_000562.jpg
val,JPEGImages/2009_000690.jpg
val,JPEGImages/2009_000720.jpg
val,JPEGImages/2009_000887.jpg
val,JPEGImages/2009_000906.jpg
val,JPEGImages/2009_001002.jpg
val,JPEGImages/2009_001027.jpg
val,JPEGImages/2009_001085.jpg
val,JPEGImages/2009_001095.jpg
val,JPEGImages/2009_001137.jpg
val,JPEGImages/2009_001251.jpg
val,JPEGImages/2009_001268.jpg
val,JPEGImages/2009_001306.jpg
val,JPEGImages/2009_001311.jpg
val,JPEGImages/2009_001359.jpg
val,JPEGImages/2009_001422.jpg
val,JPEGImages/2009_001502.jpg
val,JPEGImages/2009_001516.jpg
val,JPEGImages/2009_001615.jpg
val,JPEGImages/2009_001690.jpg
val,JPEGImages/2009_001871.jpg
val,JPEGImages/2009_001885.jpg
val,JPEGImages/2009_001894.jpg
val,JPEGImages/2009_001964.jpg
val,JPEGImages/2009_002083.jpg
val,JPEGImages/2009_002204.jpg
val,JPEGImages/2009_002229.jpg
val,JPEGImages/2009_002281.jpg
val,JPEGImages/2009_002343.jpg
val,JPEGImages/2009_002387.jpg
val,JPEGImages/2009_002409.jpg
val,JPEGImages/2009_002425.jpg
val,JPEGImages/2009_002448.jpg
val,JPEGImages/2009_002472.jpg
val,JPEGImages/2009_002588.jpg
val,JPEGImages/2009_002599.jpg
val,JPEGImages/2009_002628.jpg
val,JPEGImages/2009_002674.jpg
val,JPEGImages/2009_002715.jpg
val,JPEGImages/2009_002763.jpg
val,JPEGImages/2009_002820.jpg
val,JPEGImages/2009_002849.jpg
val,JPEGImages/2009_003034.jpg
val,JPEGImages/2009_003053.jpg
val,JPEGImages/2009_003054.jpg
val,JPEGImages/2009_003088.jpg
val,JPEGImages/2009_003146.jpg
val,JPEGImages/2009_003249.jpg
val,JPEGImages/2009_003340.jpg
val,JPEGImages/2009_003369.jpg
val,JPEGImages/2009_003697.jpg
val,JPEGImages/2009_003711.jpg
val,JPEGImages/2009_003768.jpg
val,JPEGImages/2009_003820.jpg
val,JPEGImages/2009_004180.jpg
val,JPEGImages/2009_004212.jpg
val,JPEGImages/2009_004264.jpg
val,JPEGImages/2009_004278.jpg
val,JPEGImages/2009_004301.jpg
val,JPEGImages/2009_004336.jpg
val,JPEGImages/2009_004409.jpg
val,JPEGImages/2009_004446.jpg
val,JPEGImages/2009_004539.jpg
val,JPEGImages/2009_004656.jpg
val,JPEGImages/2009_004674.jpg
val,JPEGImages/2009_004890.jpg
val,JPEGImages/2009_004919.jpg
val,JPEGImages/2009_005016.jpg
val,JPEGImages/2009_005031.jpg
val,JPEGImages/2009_005118.jpg
val,JPEGImages/2009_005120.jpg
val,JPEGImages/2009_005128.jpg
val,JPEGImages/2009_005160.jpg
val,JPEGImages/2009_005177.jpg
val,JPEGImages/2010_000043.jpg
val,JPEGImages/2010_000148.jpg
val,JPEGImages/2010_000285.jpg
val,JPEGImages/2010_000392.jpg
val,JPEGImages/2010_000404.jpg
val,JPEGImages/2010_000437.jpg
val,JPEGImages/2010_000466.jpg
val,JPEGImages/2010_000498.jpg
val,JPEGImages/2010_000503.jpg
val,JPEGImages/2010_000588.jpg
val,JPEGImages/2010_000787.jpg
val,JPEGImages/2010_000810.jpg
val,JPEGImages/2010_000847.jpg
val,JPEGImages/2010_000855.jpg
val,JPEGImages/2010_001177.jpg
val,JPEGImages/2010_001183.jpg
val,JPEGImages/2010_001261.jpg
val,JPEGImages/2010_001374.jpg
val,JPEGImages/2010_001399.jpg
val,JPEGImages/2010_001413.jpg
val,JPEGImages/2010_001418.jpg
val,JPEGImages/2010_001457.jpg
val,JPEGImages/2010_001514.jpg
val,JPEGImages/2010_001561.jpg
val,JPEGImages/2010_001590.jpg
val,JPEGImages/2010_001619.jpg
val,JPEGImages/2010_001630.jpg
val,JPEGImages/2010_001676.jpg
val,JPEGImages/2010_001849.jpg
val,JPEGImages/2010_001860.jpg
val,JPEGImages/2010_001923.jpg
val,JPEGImages/2010_001933.jpg
val,JPEGImages/2010_002032.jpg
val,JPEGImages/2010_002039.jpg
val,JPEGImages/2010_002070.jpg
val,JPEGImages/2010_002097.jpg
val,JPEGImages/2010_002218.jpg
val,JPEGImages/2010_002236.jpg
val,JPEGImages/2010_002363.jpg
val,JPEGImages/2010_002413.jpg
val,JPEGImages/2010_002532.jpg
val,JPEGImages/2010_002573.jpg
val,JPEGImages/2010_002750.jpg
val,JPEGImages/2010_002786.jpg
val,JPEGImages/2010_002794.jpg
val,JPEGImages/2010_002892.jpg
val,JPEGImages/2010_002907.jpg
val,JPEGImages/2010_003062.jpg
val,JPEGImages/2010_003093.jpg
val,JPEGImages/2010_003119.jpg
val,JPEGImages/2010_003170.jpg
val,JPEGImages/2010_003230.jpg
val,JPEGImages/2010_003383.jpg
val,JPEGImages/2010_003529.jpg
val,JPEGImages/2010_003670.jpg
val,JPEGImages/2010_003887.jpg
val,JPEGImages/2010_004071.jpg
val,JPEGImages/2010_004074.jpg
val,JPEGImages/2010_004109.jpg
val,JPEGImages/2010_004180.jpg
val,JPEGImages/2010_004186.jpg
val,JPEGImages/2010_004258.jpg
val,JPEGImages/2010_004306.jpg
val,JPEGImages/2010_004363.jpg
val,JPEGImages/2010_004370.jpg
val,JPEGImages/2010_004481.jpg
val,JPEGImages/2010_004577.jpg
val,JPEGImages/2010_004598.jpg
val,JPEGImages/2010_004616.jpg
val,JPEGImages/2010_004625.jpg
val,JPEGImages/2010_004683.jpg
val,JPEGImages/2010_004760.jpg
val,JPEGImages/2010_004766.jpg
val,JPEGImages/2010_004805.jpg
val,JPEGImages/2010_004900.jpg
val,JPEGImages/2010_005028.jpg
val,JPEGImages/2010_005055.jpg
val,JPEGImages/2010_005064.jpg
val,JPEGImages/2010_005098.jpg
val,JPEGImages/2010_005128.jpg
val,JPEGImages/2010_005198.jpg
val,JPEGImages/2010_005202.jpg
val,JPEGImages/2010_005232.jpg
val,JPEGImages/2010_005468.jpg
val,JPEGImages/2010_005652.jpg
val,JPEGImages/2010_005725.jpg
val,JPEGImages/2010_005744.jpg
val,JPEGImages/2010_005755.jpg
val,JPEGImages/2010_005800.jpg
val,JPEGImages/2010_005835.jpg
val,JPEGImages/2010_005836.jpg
val,JPEGImages/2010_005927.jpg
val,JPEGImages/2010_005978.jpg
val,JPEGImages/2010_006009.jpg
val,JPEGImages/2011_000003.jpg
val,JPEGImages/2011_000006.jpg
val,JPEGImages/2011_000108.jpg
val,JPEGImages/2011_000152.jpg
val,JPEGImages/2011_000182.jpg
val,JPEGImages/2011_000208.jpg
val,JPEGImages/2011_000221.jpg
val,JPEGImages/2011_000228.jpg
val,JPEGImages/2011_000258.jpg
val,JPEGImages/2011_000277.jpg
val,JPEGImages/2011_000469.jpg
val,JPEGImages/2011_000513.jpg
val,JPEGImages/2011_000637.jpg
val,JPEGImages/2011_000651.jpg
val,JPEGImages/2011_000652.jpg
val,JPEGImages/2011_000768.jpg
val,JPEGImages/2011_000834.jpg
val,JPEGImages/2011_000840.jpg
val,JPEGImages/2011_000973.jpg
val,JPEGImages/2011_000997.jpg
val,JPEGImages/2011_000999.jpg
val,JPEGImages/2011_001004.jpg
val,JPEGImages/2011_001139.jpg
val,JPEGImages/2011_001166.jpg
val,JPEGImages/2011_001402.jpg
val,JPEGImages/2011_001412.jpg
val,JPEGImages/2011_001475.jpg
val,JPEGImages/2011_001536.jpg
val,JPEGImages/2011_001542.jpg
val,JPEGImages/2011_001571.jpg
val,JPEGImages/2011_001710.jpg
val,JPEGImages/2011_001753.jpg
val,JPEGImages/2011_001754.jpg
val,JPEGImages/2011_001855.jpg
val,JPEGImages/2011_001866.jpg
val,JPEGImages/2011_001895.jpg
val,JPEGImages/2011_001904.jpg
val,JPEGImages/2011_001922.jpg
val,JPEGImages/2011_001928.jpg
val,JPEGImages/2011_001959.jpg
val,JPEGImages/2011_001972.jpg
val,JPEGImages/2011_001991.jpg
val,JPEGImages/2011_002050.jpg
val,JPEGImages/2011_002149.jpg
val,JPEGImages/2011_002222.jpg
val,JPEGImages/2011_002300.jpg
val,JPEGImages/2011_002335.jpg
val,JPEGImages/2011_002350.jpg
val,JPEGImages/2011_002503.jpg
val,JPEGImages/2011_002504.jpg
val,JPEGImages/2011_002767.jpg
val,JPEGImages/2011_002920.jpg
val,JPEGImages/2011_003066.jpg
val,JPEGImages/2011_003121.jpg
val,JPEGImages/2011_003151.jpg
val,JPEGImages/2011_003184.jpg
